id,vel_mean,tiempo_terminar,colision,react_time,cant_autos_en_frame,posicion_final,cantidad_de_autos_enviados
590595,2.9587023264160135,9.047408103942871,False,0.0722375056996511,5,207.10916284912105,5.0
886739,1.5983972593803846,15.64422345161438,False,0.08240411775331964,8,201.39805468192904,9.0
359441,1.7032557038297407,14.611075401306152,False,0.08010320046832582,7,200.9841730519095,9.0
677137,2.0586680422557126,12.168936252593994,False,0.09072702221823595,7,201.7494681410599,10.0
156674,1.4926488341456308,16.833707809448242,False,0.08459066254453254,9,203.00024144380507,13.0
114152,1.5630491379330218,16.323614358901978,False,0.08546564957966046,9,206.32248620715882,14.0
643889,1.6136390694838894,15.544252395629883,False,0.08146351056730813,8,203.3185227549701,14.0
921385,1.8614408586761986,13.648524045944214,False,0.08408769758150646,8,206.61993531305816,15.0
410779,2.2003665790727,11.612356662750244,False,0.06441196713731952,7,206.83445843283369,15.0
