id,vel_mean,tiempo_terminar,colision,react_time,quieto_count
36869,2.806048508952536,42.58445715904236,False,0.016838606037641472,0
598535,2.4894190117661332,47.8542263507843,False,0.029338804998566566,0
694170,2.4731331894924153,48.14672827720642,False,0.01755073923630703,0
149398,2.173814359475048,54.863951444625854,False,0.021035784353610983,0
956403,2.140410738859512,55.613147258758545,False,0.02943234112494278,0
